David Haydock,"EEG microstates as a tool for studying the temporal dynamics of whole-brain neuronal networks: A review","20231003-eeg-microstates-as-a-tool-for-studying-the-temporal-dynamics-of-whole-brain-neuronal-networks-a-review.rst",0,0,0,0,1
Alireza Poshtkohi,"Mathematical Modelling of Plasma Membrane Electrophysiology and Calcium Dynamics in Microglia","20231016-mathematical-modelling-of-plasma-membrane-electrophysiology-and-calcium-dynamics-in-microglia.rst",2023-10-20,0,0,0,1
Harpreet Singh,"","",2023-11-03,0,0,0,1
Rebecca Miko,"","",0,0,0,0,1
Pinaki Saha,"","",0,0,0,0,1
Shamim Ibne Shahid,"","",0,0,0,0,1
Paul Moggridge,"","",0,0,0,0,1
Manal Helal,"","",0,0,0,0,1
Mahsa Aliakbarzadeh,"","",0,0,0,0,1
Ohki Katakura,"","",0,0,0,0,1
Emil Dmitruk,"","",0,0,0,0,1
